Model,MAE,RMSE,MASE
LSTM,0.9384912361961848,1.0103797082579853,8.538383612829412
Transformer,0.5149022806467026,0.6242921833983319,4.555655443787468
